category_code,source,parent_folder,anon_filename
UWADDINFOCUST,synthetic,App support,uwaddinfocust_synth_15
UWADDINFOCUST,synthetic,UW admin team,uwaddinfocust_synth_16
UWADDINFOCUST,synthetic,Underwriting Team,uwaddinfocust_synth_17
UWADDINFOCUST,synthetic,GP chase,uwaddinfocust_synth_18
UWADDINFOCUST,synthetic,App support,uwaddinfocust_synth_19
UWADDINFOCUST,synthetic,GP chase,uwaddinfocust_synth_2
UWADDINFOCUST,synthetic,UW admin team,uwaddinfocust_synth_20
UWADDINFOCUST,synthetic,Underwriting Team,uwaddinfocust_synth_21
UWADDINFOCUST,synthetic,App support,uwaddinfocust_synth_22
UWADDINFOCUST,synthetic,GP chase,uwaddinfocust_synth_23
UWADDINFOCUST,synthetic,UW admin team,uwaddinfocust_synth_24
UWADDINFOCUST,synthetic,Underwriting Team,uwaddinfocust_synth_25
UWADDINFOCUST,synthetic,App support,uwaddinfocust_synth_26
UWADDINFOCUST,synthetic,UW admin team,uwaddinfocust_synth_27
UWADDINFOCUST,synthetic,Underwriting Team,uwaddinfocust_synth_28
UWADDINFOCUST,synthetic,GP chase,uwaddinfocust_synth_29
UWADDINFOCUST,synthetic,UW admin team,uwaddinfocust_synth_3
UWADDINFOCUST,synthetic,App support,uwaddinfocust_synth_30
UWADDINFOCUST,synthetic,Underwriting Team,uwaddinfocust_synth_4
UWADDINFOCUST,synthetic,GP chase,uwaddinfocust_synth_5
UWADDINFOCUST,synthetic,Underwriting Team,uwaddinfocust_synth_6
UWADDINFOCUST,synthetic,UW admin team,uwaddinfocust_synth_7
UWADDINFOCUST,synthetic,App support,uwaddinfocust_synth_8
UWADDINFOCUST,synthetic,GP chase,uwaddinfocust_synth_9
UWAI GP,synthetic,App support,uwaigp_synth_1
UWAI GP,synthetic,Underwriting Team,uwaigp_synth_10
UWAI GP,synthetic,App support,uwaigp_synth_11
UWAI GP,synthetic,GP chase,uwaigp_synth_12
UWAI GP,synthetic,UW admin team,uwaigp_synth_13
UWAI GP,synthetic,Large Case underwriting,uwaigp_synth_14
UWAI GP,synthetic,GP chase,uwaigp_synth_15
UWAI GP,synthetic,Underwriting Team,uwaigp_synth_16
UWAI GP,synthetic,App support,uwaigp_synth_17
UWAI GP,synthetic,GP chase,uwaigp_synth_18
UWAI GP,synthetic,UW admin team,uwaigp_synth_19
UWAI GP,synthetic,GP chase,uwaigp_synth_2
UWAI GP,synthetic,Large Case underwriting,uwaigp_synth_20
UWAI GP,synthetic,GP chase,uwaigp_synth_21
UWAI GP,synthetic,Underwriting Team,uwaigp_synth_22
UWAI GP,synthetic,App support,uwaigp_synth_23
UWAI GP,synthetic,GP chase,uwaigp_synth_24
UWAI GP,synthetic,UW admin team,uwaigp_synth_25
UWAI GP,synthetic,Underwriting Team,uwaigp_synth_26
UWAI GP,synthetic,GP chase,uwaigp_synth_27
UWAI GP,synthetic,App support,uwaigp_synth_28
UWAI GP,synthetic,UW admin team,uwaigp_synth_29
UWAI GP,synthetic,GP chase,uwaigp_synth_3
UWAI GP,synthetic,Large Case underwriting,uwaigp_synth_30
UWAI GP,synthetic,GP chase,uwaigp_synth_31
UWAI GP,synthetic,UW admin team,uwaigp_synth_4
UWAI GP,synthetic,Large Case underwriting,uwaigp_synth_5
UWAI GP,synthetic,GP chase,uwaigp_synth_6
UWAI GP,synthetic,GP chase,uwaigp_synth_7
UWAI GP,synthetic,UW admin team,uwaigp_synth_8
UWAI GP,synthetic,GP chase,uwaigp_synth_9
